{"initial_reset_timestamp": 1609170094.2639947, "timestamps": [1609170095.2632656, 1609170110.8385885, 1609170134.7925034, 1609170167.7574646, 1609170207.1000423, 1609170248.5881646, 1609170294.3482897, 1609170339.203498, 1609170384.9937522, 1609170431.9432626, 1609170478.819337, 1609170525.8186831, 1609170571.3636208, 1609170615.118288, 1609170658.1601284, 1609170699.3519976, 1609170740.749739, 1609170782.2080712, 1609170825.2355592, 1609170867.410745, 1609170911.7644165, 1609170958.6732564, 1609171011.0277207, 1609171072.4907172, 1609171139.7371478, 1609171203.5047953, 1609171268.569862, 1609171336.8685782, 1609171407.054593, 1609171476.7198462, 1609171546.4406977, 1609171618.4529324, 1609171691.613391, 1609171770.0377038, 1609171848.6449504, 1609171925.1886494, 1609172006.972363, 1609172088.1273665, 1609172172.4760013, 1609172256.628435, 1609172345.9575992, 1609172433.5268292, 1609172526.0591812, 1609172618.224834, 1609172714.393466, 1609172808.9327211, 1609172908.3626645, 1609173010.8149784, 1609173114.682347, 1609173225.5355053, 1609173340.3580513, 1609173454.9199276, 1609173571.99769, 1609173687.576443, 1609173807.7782373], "episode_lengths": [33, 11, 22, 80, 123, 60, 40, 52, 85, 76, 48, 53, 84, 45, 109, 56, 54, 52, 82, 46, 63, 61, 62, 86, 96, 68, 90, 103, 71, 100, 89, 71, 67, 104, 82, 113, 89, 92, 112, 65, 151, 81, 145, 79, 107, 68, 121, 135, 168, 347, 470, 152, 93, 78, 174], "episode_rewards": [33.0, 11.0, 22.0, 80.0, 123.0, 60.0, 40.0, 52.0, 85.0, 76.0, 48.0, 53.0, 84.0, 45.0, 109.0, 56.0, 54.0, 52.0, 82.0, 46.0, 63.0, 61.0, 62.0, 86.0, 96.0, 68.0, 90.0, 103.0, 71.0, 100.0, 89.0, 71.0, 67.0, 104.0, 82.0, 113.0, 89.0, 92.0, 112.0, 65.0, 151.0, 81.0, 145.0, 79.0, 107.0, 68.0, 121.0, 135.0, 168.0, 347.0, 470.0, 152.0, 93.0, 78.0, 174.0], "episode_types": ["t", "t", "t", "t", "t", "t", "t", "t", "t", "t", "t", "t", "t", "t", "t", "t", "t", "t", "t", "t", "t", "t", "t", "t", "t", "t", "t", "t", "t", "t", "t", "t", "t", "t", "t", "t", "t", "t", "t", "t", "t", "t", "t", "t", "t", "t", "t", "t", "t", "t", "t", "t", "t", "t", "t"]}